{"cameraMode":{"drawMode":0,"name":"Shaded","section":"Shading Mode"},"sceneLighting":true,"audioPlay":false,"sceneViewState":{"showFog":true,"showMaterialUpdate":true,"showSkybox":true,"showFlares":true,"showImageEffects":true,"showParticleSystems":true},"in2DMode":false,"pivot":{"x":30.557783126831056,"y":10.206766128540039,"z":-56.082130432128909},"rotation":{"x":-0.18413379788398744,"y":0.08899454772472382,"z":-0.01673065684735775,"w":-0.978723406791687},"size":150.3995361328125,"orthographic":false}