{"cameraMode":{"drawMode":0,"name":"Shaded","section":"Shading Mode"},"sceneLighting":true,"audioPlay":false,"sceneViewState":{"showFog":true,"showMaterialUpdate":false,"showSkybox":true,"showFlares":true,"showImageEffects":true,"showParticleSystems":true},"in2DMode":false,"pivot":{"x":50.37667465209961,"y":10.363624572753907,"z":29.82806396484375},"rotation":{"x":0.05817385017871857,"y":0.04919981583952904,"z":-0.0016858853632584215,"w":0.997275173664093},"size":30.292085647583009,"orthographic":false}