{"cameraMode":{"drawMode":0,"name":"Shaded","section":"Shading Mode"},"sceneLighting":false,"audioPlay":false,"sceneViewState":{"showFog":true,"showMaterialUpdate":false,"showSkybox":true,"showFlares":true,"showImageEffects":true,"showParticleSystems":true},"in2DMode":false,"pivot":{"x":0.008131027221679688,"y":2.2154157161712648,"z":-0.3340473175048828},"rotation":{"x":0.08411855250597,"y":0.8739334344863892,"z":-0.1633763313293457,"w":0.4499765932559967},"size":17.209468841552736,"orthographic":false}