{"cameraMode":{"drawMode":0,"name":"Shaded","section":"Shading Mode"},"sceneLighting":false,"audioPlay":false,"sceneViewState":{"showFog":true,"showMaterialUpdate":false,"showSkybox":true,"showFlares":true,"showImageEffects":true,"showParticleSystems":true},"in2DMode":false,"pivot":{"x":0.06366026401519776,"y":2.220426559448242,"z":10.4399995803833},"rotation":{"x":-0.017632314935326577,"y":0.7826434373855591,"z":-0.02201891504228115,"w":-0.6219083666801453},"size":37.247928619384769,"orthographic":false}