{"cameraMode":{"drawMode":0,"name":"Shaded","section":"Shading Mode"},"sceneLighting":false,"audioPlay":false,"sceneViewState":{"showFog":true,"showMaterialUpdate":false,"showSkybox":true,"showFlares":true,"showImageEffects":true,"showParticleSystems":true},"in2DMode":false,"pivot":{"x":137.13177490234376,"y":5.944059371948242,"z":90.3955078125},"rotation":{"x":0.01357504166662693,"y":0.9603478908538818,"z":-0.047283586114645007,"w":0.2747708261013031},"size":53.47488784790039,"orthographic":false}